Telegram Channel Name ,Code,Sample imported in Label Studio,Affiliation,Link
–û–ø–µ—Ä–∞—Ü–∏—è Z: –í–æ–µ–Ω–∫–æ—Ä—ã –†—É—Å—Å–∫–æ–π –í–µ—Å–Ω—ã,2,yes,Ru,https://t.me/RVvoenkor
Unian,17,,Ukr,https://t.me/uniannet
Ukraina Online,16,,Ukr,https://t.me/+gRODKk7jO3xlYzU6
Pravdivosti,12,yes,,https://t.me/+Ocayu2hF8Go2YzUy
Nexta Live,0,yes,Ukr,https://t.me/nexta_live
Kipiatochek,11,yes,Ru,https://t.me/+utEAaND2Ug1jNzZi
Ukraina Seichas,15,,Ukr,https://t.me/u_now
Zhest Dnia,18,,Ru,https://t.me/zvoinaukraina
Forpost,1,yes,,https://t.me/vorposte
Dud,,,Ukr,https://t.me/yurydud
Ukraine_Alert,42,,Ukr,https://t.me/alert_ukraine
kyivcityofficial,38,,Ukr,https://t.me/KyivCityOfficial
informator_UKR,19,,Ukr,https://t.me/+LV7tr2_vgu02NjAy
kyivpolitics,20,,Ukr,https://t.me/KyivPolitics
ukrainenowrussia,,,,https://t.me/ukrainenowrussia
–Ω–µ–≤–∑–æ—Ä–æ–≤,14,,Ukr,https://t.me/nevzorovtv
zerkalo.io,3,yes,Ukr,https://t.me/zerkalo_io
adbestias,13,,,https://t.me/adbestias
ZOV [previously: –£–∫—Ä–∞–∏–Ω–∞ Online –ù–æ–≤–æ—Å—Ç–∏ –í–æ–π–Ω–∞],,,,https://t.me/UkrainaOnlline
meduza,4,yes,Ukr,https://t.me/meduzalive
–æ—Å—Ç–æ—Ä–æ–∂–Ω–æ –Ω–æ–≤–æ—Å—Ç–∏,5,yes,,https://t.me/ostorozhno_novosti
–ü–∏–≤–æ–≤–∞—Ä–æ–≤ —Ä–µ–¥–∞–∫—Ü–∏—è,6,,Ukr,https://t.me/redakciya_channel
Ukraine now,7,yes,Ukr,https://t.me/UkraineNow
–î–µ—Ç–µ–∫—Ç–æ—Ä –º–µ–¥—ñ–∞,8,yes,Ukr,https://t.me/detector_media
varlamov_news,9,yes,Ukr,https://t.me/varlamov_news
–£–ü_—Å—Ç–∏—á–∫–∞,10,yes,Ukr,https://t.me/ukrpravda_news
DeepState_ukr,32,,Ukr,https://t.me/DeepStateUA
WarGonzo ,49,,,https://t.me/wargonzo
–°–ª–∞–¥–∫–æ–≤ +,43,,,https://t.me/Sladkov_plus
–ü–æ–¥–¥—É–±–Ω—ã–π |Z|–û|V| edition,21,,,https://t.me/epoddubny
Kotsnews,22,,,https://t.me/sashakots
–ü–æ–≤—ë—Ä–Ω—É—Ç—ã–µ –Ω–∞ Z –≤–æ–π–Ω–µ üá∑üá∫,23,,Ru,https://t.me/voenacher
–í–æ–µ–Ω–Ω—ã–π –û—Å–≤–µ–¥–æ–º–∏—Ç–µ–ª—å,24,,Ru,https://t.me/milinfolive
V–æ–µ–Ω–∫–æ—Ä –ö–æ—Ç–µ–Ω–æ–∫ Z,25,,Ru,https://t.me/voenkorKotenok
–ö–û–ù–§–õ–ò–ö–¢ üÖâ ,,,Ru,https://t.me/konfliktworld
–ú–∏–ª–∏—Ç–∞—Ä–∏—Å—Ç,26,,,https://t.me/infantmilitario
WarJournal [Z],27,,Ru,https://t.me/warjournaltg
Directorate 4,34,,,https://t.me/directorate4
Oleg Blokhin ,28,,,https://t.me/Oleg_Blokhin
–ú–∞–¥—É—Ä–æ - –Ω–µ –¥—É—Ä–∞ ,29,,,https://t.me/apleonkov
–í–æ–µ–Ω–∫–æ—Ä üÖâ –ú–µ–¥–≤–µ–¥–µ–≤ ,45,,Ru,https://t.me/medvedev_note
–°–ø–µ—Ü–æ–ø–µ—Ä–∞—Ü–∏—è –Ω–∞ –£–∫—Ä–∞–∏–Ω–µ. –ü—Ä–∞–≤–¥–∏–≤—ã–µ –Ω–æ–≤–æ—Å—Ç–∏,30,,Ru,https://t.me/specops2022
Conflict Zone,33,,,https://t.me/ConflictZone24
–ö—Ä—ã–ª—å—è –≤–æ–π–Ω—ã,36,,,https://t.me/wingsofwar
–í–µ—Å—Ç–Ω–∏–∫ –î–∞–º–∞—Å–∫–∞,44,,,https://t.me/NovostiDamask
V–æ–µ–Ω–Ω–∞—è –ë–∞Z–∞,46,,Ru,https://t.me/kapterkarus
–û–ø–µ—Ä–∞—Ü–∏—è Z,39,,Ru,https://t.me/+L4BiOTrlJI8zMzgy
–†–∞–º–∑–∞–Ω –ö–∞–¥—ã—Ä–æ–≤ ‚ùóÔ∏è–ü–û–ù–û–ú–ê–†–¨ –í–û–ô–ù–ê,41,,Ru,https://t.me/kadyrov9590
"‚ö°Ô∏èüá∑üá∫ –°–≤–æ–¥–∫–∏ –æ–ø–æ–ª—á–µ–Ω–∏—è –ù–æ–≤–æ—Ä–æ—Å—Å–∏–∏ Z.O.V. (–î–ù–†, –õ–ù–†, –£–∫—Ä–∞–∏–Ω–∞, –í–æ–π–Ω–∞) ",,,Ru,https://t.me/swodki
–í–û–ô–ù–ê [ –†–æ—Å—Å–∏—è –£–∫—Ä–∞–∏–Ω–∞ ],47,,,https://t.me/Voyna
–í–æ–π–Ω–∞ –Ω–∞ –£–∫—Ä–∞–∏–Ω–µ | –í–æ–π–Ω–∞ —Å –£–∫—Ä–∞–∏–Ω–æ–π | –ú–æ–±–∏–ª–∏–∑–∞—Ü–∏—è,48,,,https://t.me/VoinaNaUkraine
–•–†–û–ù–ò–ö–ò –£–ö–†–ê–ò–ù–´ üá∫üá¶ –ù–û–í–û–°–¢–ò –í–û–ô–ù–ê,35,,Ukr,https://t.me/Hroniki_ua1
–í–æ–π–Ω–∞ - –£–∫—Ä–∞–∏–Ω–∞ –†–æ—Å—Å–∏—è –•–µ—Ä—Å–æ–Ω,31,,,https://t.me/Voyna18
–ú–∏—Ä–æ–≤–∞—è –¢–µ–ª–µ–≥–∞ –ù–æ–≤–æ—Å—Ç–µ–π | –£–∫—Ä–∞–∏–Ω–∞ –†–æ—Å—Å–∏—è –í–æ–π–Ω–∞,37,,,https://t.me/novosti_voyny
"–ú–∏—Ä —Å–µ–≥–æ–¥–Ω—è —Å ""–Æ—Ä–∏–π –ü–æ–¥–æ–ª—è–∫–∞""",50,,,https://t.me/yurasumy
–î–º–∏—Ç—Ä–∏–π –ú–µ–¥–≤–µ–¥–µ–≤,51,,Ru,https://t.me/medvedev_telegram
–ê–Ω–∞—Ç–æ–ª–∏–π –®–∞—Ä–∏–π,52,,Ukr,https://t.me/ASupersharij
–°—Ç—Ä–µ–ª–∫–æ–≤ –ò–≥–æ—Ä—å –ò–≤–∞–Ω–æ–≤–∏—á,53,,,https://t.me/strelkovii
–ù–ï–í–ó–û–†–û–í,,,Ukr,https://t.me/nevzorovtv
Zelenskiy / Official,,,Ukr,https://t.me/V_Zelenskiy_official
–ö—Ä–æ–≤–∞–≤–∞—è –±–∞—Ä—ã–Ω—è,,,Ukr,https://t.me/bloodysx
–í—è—á–µ—Å–ª–∞–≤ –í–æ–ª–æ–¥–∏–Ω,,,Ru,https://t.me/vv_volodin
–ê–ª–µ–∫—Å–∞–Ω–¥—Ä –•–æ–¥–∞–∫–æ–≤—Å–∫–∏–π ,,,,https://t.me/aleksandr_skif
–†—ã–±–∞—Ä—å,,,,https://t.me/rybar
–õ–µ–≥–∏—Ç–∏–º–Ω—ã–π ,,,Ukr,https://t.me/legitimniy
–û–ø–µ—Ä–∞—Ü–∏—è Z: –í–æ–µ–Ω–∫–æ—Ä—ã –†—É—Å—Å–∫–æ–π –í–µ—Å–Ω—ã,,,Ru,https://t.me/RVvoenkor
–ú–∏—Ä –ú–∏—Ö–∞–∏–ª–∞ –û–Ω—É—Ñ—Ä–∏–µ–Ω–∫–æ ,,,,https://t.me/Mikle1On
–ú–∞—Ä–≥–∞—Ä–∏—Ç–∞ –°–∏–º–æ–Ω—å—è–Ω,,,Ru,https://t.me/margaritasimonyan
–°–û–õ–û–í–¨–Å–í ,,,Ru,https://t.me/SolovievLive
–ì–µ–Ω–µ—Ä–∞–ª –°–í–† ,,,,https://t.me/generalsvr
Colonelcassad ,,,,https://t.me/boris_rozhin
–°—Ç–∞–ª–∏–Ω–≥—É–ª–∞–≥,,,Ukr,https://t.me/stalin_gulag
–í–æ–µ–Ω–Ω—ã–π –æ–±–æ–∑—Ä–µ–≤–∞—Ç–µ–ª—å,,,,https://t.me/new_militarycolumnist
–ú–∞—Ä–æ—á–∫–æ Live,,,,https://t.me/marochkolive
–û–ø–µ—Ä–∞—Ç–∏–≤–Ω—ã–µ —Å–≤–æ–¥–∫–∏ ,,,,https://t.me/opersvodki
–°—Ç–∞—Ä—à–µ –≠–¥–¥—ã,,,,https://t.me/vysokygovorit
–í–ª–∞–¥–ª–µ–Ω –¢–∞—Ç–∞—Ä—Å–∫–∏–π ,,,,https://t.me/vladlentatarsky
"–ù–µ–æ—Ñ–∏—Ü–∏–∞–ª—å–Ω—ã–π –ë–µ–∑—Å–æ–Ω–æ–≤ ""Z""",,,Ru,https://t.me/NeoficialniyBeZsonoV
Z–ê–ü–ò–°–ö–ò V–ï–¢–ï–†–ê–ù–ê,,,Ru,https://t.me/notes_veterans
ZERGULIOüá∑üá∫,,,Ru,https://t.me/SergeyKolyasnikov
–ê–ì–°_Z_–î–æ–Ω–±–∞—Å—Å–∞ ,,,Ru,https://t.me/Ags_Donbass
–ó–µ–†–∞–¥–∞,,,,https://t.me/ZeRada1
–ú–∏–Ω–æ–±–æ—Ä–æ–Ω—ã –†–æ—Å—Å–∏–∏,,,Ru,https://t.me/mod_russia
–°–ò–õ–û–í–ò–ö–ò üá∑üá∫ ,,,Ru,https://t.me/SIL0VIKI
–ú–∞—Ä—å—è–Ω–∞ –ë–∞—Ç—å–∫–æ–≤–Ω–∞ ,,,,https://t.me/maryananaumova
kungurov,,,,https://t.me/alekseykungurov
–ê–†–•–ê–ù–ì–ï–õ –°–ü–ï–¶–ù–ê–ó–ê Züá∑üá∫,,,Ru,https://t.me/rusich_army
–°—Ç–∞—Ä—à–µ –≠–¥–¥—ã,,,,https://t.me/vysokygovorit
–í–æ–µ–Ω–Ω–∞—è —Ö—Ä–æ–Ω–∏–∫–∞,,,,https://t.me/milchronicles
First –ù–æ–≤–æ—Å—Ç–∏ –í–æ–π–Ω—ã,,,,https://t.me/first_political
 –í–∏–¥–µ–æ —Å –°–í–û 18+,,,,https://t.me/video_s_svo
deleted,,,,channel was removed
deleted,,,,channel was removed
deleted,,,,channel was removed
deleted,,,,channel was removed